,0,1,2,3,4,5,6,7,8,9,10,11,12,13,14,15,16,17,18,19,20,21,22,23,24,25,26,27,28,29,30,31,32,33,34,35,36,37,38,39,40,41,42,43,44,45,46,47,48,49,50,51,52,53,54,55,56,57,58,59
gemini_mc,Pregnant woman,Crosshair sight.,"Heart arrow.
","USD symbol.
","Hanging scale.
","Hammer time!
","Eyeglasses / Glasses
","Hourglass figure.
","Arrowhead.
","Tilted hashtag.
","Bubble pipe
","Love knot.
","Paperclip.
","Tuning fork
","Open box.
","Wine glass.
","Lollipop tree.
","Hanging target.
","Lying person.
","Simple house.
","Sailboat silhouette.
","Stacked Hs.
","Paperclip holder
","Paper airplane.
","Balloon animal.
","Broken comb.
","Butterfly wings.
","Golf club.
","Pair glasses.
","Bed ends
","Partial logo.
","Ladder diagram
","Snowman face
","A ladder.
","Lollipop stand.
","Bed frame
","Arrowhead.
","Heart emoji
","Plus sign.
","Fishing rod.
","Snake donut.
","Check mark.
","Hammerhead shark.
","Bed.
","Dollar sign.
","Keyhole symbol.
","Swan logo
","Keyhole outline
","Grid pattern.
","Abstract sculpture.
","Stylized Anchor
","Bow tie
","Slingshot frame.
","Heart shape
","Owl face
","House shape.
","Goalpost.
","Hourglass figure.
","Ladder rungs
","Toilet seat.
"
gemini_sc,"Belly button
","Picket fence
","Heart shape
","Teapot spout
","Fishing hook
","Mushroom cloud
","Eyeglasses frame
","Yin yang
","House roof
","Windmill blades
","Dumbbell weight
","Bow tie
","Golf club
","Gun barrel
","Hammer head
","Martini glass
","Lollipop stick
","Fishing pole
","Question mark
","Dog house
","Butterfly wings
","Ladder rungs
","Paper clip
","Ice cream
","Speech bubble
","Comb teeth
","Hourglass figure
","Sail boat
","Handcuffs open
","Heart shape
","Balloon string
","Gate latch
","Snowman face
","Bed frame
","Pregnant woman
","Prison bars
","Christmas tree
","Ice cream
","Goal post
","Dowsing rod
","Snake charmer
","Lightning bolt
","Lollipop stick
","Belly button
","Teapot spout
","Robot arm
","Swan neck
","Tuning fork
","Hashtag symbol
","Caduceus symbol
","Umbrella handle
","Bow tie
","Ice cream
","Cat ears
","Heart shape
","House shape
","Goal post
","Hourglass shape
","Picket fence
","Baby carriage
"
